DATE,TEXT,TIME
1974-02-07,oe,05:31:58
1983-09-02,monroe,12:33:33
1996-04-16,anymore,10:21:12
2004-12-27,was,13:10:16
2006-10-04,attach,13:23:39
1988-05-22,dare,01:35:09
2000-01-25,enlargement,15:12:52
1996-10-28,visibility,07:29:35
1972-02-02,mountains,07:20:53
2010-08-10,brothers,13:23:13
2000-07-30,yield,09:10:53
2002-02-17,certificates,01:48:02
2012-08-07,cooking,15:14:54
1993-06-08,institutional,10:34:49
1973-04-28,step,02:49:07
2009-03-15,kitchen,19:49:33
1974-07-31,troops,14:18:57
2001-08-10,lone,12:28:09
1981-03-16,sin,14:43:47
2020-01-19,environmental,11:55:32
2007-09-10,instruments,06:23:33
1983-08-05,discussion,05:26:31
2012-01-03,zdnet,09:25:48
2001-12-01,township,04:27:26
2012-01-06,e,23:37:32
2018-07-16,ideas,01:23:19
1990-03-12,question,13:24:18
2003-04-05,accessed,12:23:56
2012-10-07,specially,23:23:51
2000-10-06,jpg,12:56:12
1978-11-19,surgeons,04:43:42
1975-08-20,mounts,09:45:32
2019-12-04,serve,21:50:00
1972-07-11,trained,05:02:09
2017-08-27,reason,13:32:16
1998-09-19,province,16:23:52
1981-06-30,synthetic,05:52:55
2016-04-16,glossary,11:39:16
1987-10-30,pass,11:32:08
1977-11-21,rehab,22:33:25
1993-04-17,lounge,12:46:24
2018-01-13,advisors,22:15:50
2017-06-15,define,21:21:11
1987-09-01,graphic,23:01:46
2002-06-21,consumption,23:47:14
1971-12-02,acid,22:03:34
1976-06-04,class,21:18:08
1975-12-15,patrol,06:48:36
1999-03-18,decided,09:33:42
1997-02-18,kick,18:00:26
1980-06-18,unions,16:14:38
2014-09-19,minister,12:19:58
1970-06-11,personals,19:19:02
2016-03-16,courts,14:48:20
1973-12-15,publication,18:29:05
1970-10-02,ment,13:28:03
2022-05-14,taylor,22:08:34
1970-02-21,grass,11:40:09
1999-11-25,completely,21:11:17
1991-11-04,apnic,12:19:40
2012-08-13,la,19:55:41
2022-02-03,cameroon,16:10:25
2006-12-22,piece,06:48:54
1986-07-12,tab,06:02:52
1977-12-26,rebound,15:44:35
1996-08-22,choosing,13:54:43
1991-05-23,bali,10:07:11
1990-05-09,travels,21:36:10
1981-02-12,eng,13:29:43
2016-07-24,parade,10:27:06
2007-08-02,demonstration,09:50:07
2013-06-07,bright,16:19:18
2004-07-15,wings,02:28:23
2010-03-26,cement,02:59:13
1981-09-15,parliamentary,20:25:43
2014-03-29,impact,20:31:37
2023-01-17,find,00:38:51
2017-03-16,one,18:22:52
2016-06-17,though,08:22:37
1970-10-18,proc,16:25:33
2022-07-04,heroes,15:42:53
1977-03-03,yours,11:20:21
1999-07-10,tutorial,10:10:23
1985-08-10,bbs,07:00:12
1982-10-30,commentary,12:39:34
2009-09-20,kept,14:43:01
1974-11-15,concerns,20:54:33
1980-11-02,hobby,09:54:14
2022-12-01,patrick,05:36:54
2021-08-15,asian,22:26:18
1991-02-16,barcelona,21:54:28
2015-10-22,flame,14:40:27
1975-01-29,plate,14:33:32
1996-05-12,linda,05:17:45
1988-11-23,option,21:45:08
1983-09-09,frozen,10:45:25
1998-07-22,focused,19:20:09
2004-09-19,uw,17:38:10
1987-04-26,safer,06:38:31
2007-01-21,playstation,18:38:40
2006-09-25,soon,18:50:26
2006-02-16,amazon,16:25:50
2002-03-01,indonesian,03:12:23
2022-08-17,oclc,21:40:21
2021-09-30,tucson,08:35:39
1979-06-14,afterwards,05:54:46
2019-03-27,podcast,10:13:53
2000-08-26,monday,15:54:58
1999-08-01,choices,04:33:53
1983-11-05,nobody,06:38:19
2018-07-20,nottingham,23:20:49
2017-02-06,devil,22:10:04
1988-03-18,pricing,03:28:40
1979-11-14,band,04:08:16
1983-02-05,ghost,14:00:39
1976-11-22,later,01:32:18
1970-03-07,testimonials,05:11:31
1998-01-16,coating,11:58:53
1991-11-21,confident,04:10:51
1990-06-16,kong,04:31:43
1975-09-19,das,02:03:53
1986-05-08,reviewing,05:54:52
1996-06-04,fr,08:41:57
1989-07-17,machine,09:08:50
1981-02-21,somalia,13:01:29
2008-05-28,cherry,15:51:16
2015-11-14,barriers,02:59:57
2008-01-09,thai,13:30:57
1997-02-07,lanes,03:10:10
2008-05-16,visit,16:35:29
1992-01-21,falls,22:40:25
1975-01-27,rid,23:31:10
2017-04-01,passed,20:16:20
2020-04-20,dirt,02:12:22
2012-04-02,charts,23:02:18
1982-03-03,vintage,18:20:43
1974-08-07,binding,15:27:40
1994-04-13,anyway,15:17:05
2019-11-05,weapons,08:24:03
1999-06-01,space,21:03:11
1993-03-21,paperback,06:37:32
2022-12-14,region,17:18:11
2002-12-13,bicycle,08:32:50
2012-07-13,memorabilia,03:09:30
1994-06-22,saves,09:20:29
2011-10-14,neon,01:29:46
1986-03-22,mint,22:34:14
2007-03-19,german,14:51:33
2001-05-26,dependence,17:44:22
2022-07-03,aircraft,18:09:45
2013-09-22,further,14:03:49
2021-07-04,carol,02:08:06
2021-11-17,skip,01:52:02
2006-05-14,hang,13:41:53
1971-03-11,initially,21:01:51
2010-03-13,lithuania,10:22:02
2002-09-28,servers,14:29:06
2013-08-25,modes,05:54:08
2007-03-31,dans,06:07:43
2010-09-15,buses,10:34:40
1986-11-12,raymond,07:47:22
1975-12-27,reviewer,05:54:37
1978-12-14,satisfactory,17:51:36
1996-01-29,prefix,11:56:03
2003-11-08,editor,03:14:59
1996-01-29,designation,12:14:44
2005-07-27,tremendous,17:01:16
1993-04-26,pediatric,18:32:33
1986-03-15,steel,19:23:36
1979-08-05,soon,05:18:14
1986-03-01,pokemon,18:32:27
2008-04-15,ta,19:15:17
1974-06-14,disclaimers,07:37:46
1985-11-07,physical,16:52:39
1974-08-26,pressed,20:55:10
1977-01-12,reviewing,15:09:16
1999-04-30,stamp,08:21:12
1972-11-09,line,18:45:29
1987-10-15,manhattan,08:48:36
2002-10-13,stranger,14:30:26
1997-07-20,opponents,00:12:09
1980-10-27,modified,15:41:31
2019-07-10,finger,04:26:34
1992-03-07,rugs,08:25:18
2006-04-20,recycling,19:56:44
2014-10-14,choose,21:45:00
1999-10-17,attach,21:54:15
1991-08-19,evolution,05:36:47
1990-05-05,brave,19:08:55
2014-04-15,penn,21:01:07
1982-11-26,christians,13:35:17
1977-04-14,our,14:49:47
2001-11-13,doc,12:02:34
1988-04-20,directions,22:13:29
2001-06-19,pink,15:40:43
2007-02-23,temple,17:10:02
2001-07-21,gradually,02:17:02
2004-08-14,area,07:46:36
2015-11-19,posted,10:38:37
1996-08-22,discrete,22:39:49
2009-06-28,filling,02:56:47
2013-06-24,ment,18:50:23
1997-02-08,occurring,16:37:07
2016-04-06,stakeholders,20:15:18
2002-08-28,mall,11:48:47
1996-08-22,transit,13:39:22
2013-11-24,supreme,08:56:28
2023-03-29,labs,03:26:19
1992-10-08,glass,19:18:01
1993-08-02,instead,02:36:23
1989-05-23,idol,23:31:25
1973-04-28,lyric,04:38:10
2010-02-24,later,07:15:06
1972-10-15,scope,04:51:15
2001-12-05,spoke,20:09:32
2008-10-17,mailing,05:18:05
2016-08-12,monitors,15:42:13
2013-04-29,phones,09:04:52
1983-05-23,flexible,00:26:46
2004-12-22,group,18:02:16
1985-09-22,gc,13:23:10
2007-11-16,takes,01:11:38
2006-08-30,captured,19:19:01
1984-08-19,rough,19:24:44
2023-02-11,personals,20:46:11
2006-02-03,complicated,12:10:24
2014-12-14,ozone,01:50:16
1986-07-16,guatemala,13:48:02
1970-01-15,highways,14:36:29
1974-10-08,easily,13:43:21
1999-03-11,pockets,15:01:20
1971-06-30,tan,19:36:58
1994-07-06,subsidiaries,12:13:54
1992-11-10,pd,10:08:45
2012-09-06,stays,13:19:24
2008-09-28,submission,06:34:35
1978-07-25,buf,14:10:47
2000-07-09,investigator,08:13:43
1973-08-19,burlington,02:54:30
1977-01-28,franklin,06:42:23
2018-08-05,leave,01:15:20
2007-04-30,pipe,05:48:23
2022-02-25,required,00:17:03
2021-07-20,brunei,10:52:38
2014-10-16,restaurant,23:50:00
1979-08-06,average,05:35:46
2013-12-07,fragrances,14:07:07
1993-09-29,decline,20:13:19
2019-10-06,evaluate,19:39:43
1992-08-02,rank,06:18:01
2007-11-22,bought,21:41:44
1988-09-18,broadcast,11:09:40
2004-10-19,licensing,20:32:16
2006-02-24,flowers,11:55:46
1978-08-22,unto,07:12:43
1975-11-15,rebel,03:19:08
2011-09-04,mechanisms,14:04:48
2007-08-02,weird,08:19:47
1990-03-28,motors,10:16:46
2004-05-12,older,16:52:34
1996-09-13,continent,13:18:30
1981-03-10,audio,22:03:25
1978-03-12,documentation,17:11:47
2015-04-12,brazilian,12:39:55
1977-02-24,accessory,23:24:51
1992-08-13,suppliers,04:18:01
1971-08-23,cancelled,01:38:06
1981-09-28,rw,10:39:35
1989-01-06,cnn,19:28:35
1988-10-10,font,22:52:42
1972-02-03,socket,16:36:34
1989-05-08,hwy,16:53:01
2018-02-21,spyware,10:29:20
1999-02-04,credit,14:45:27
1990-10-01,interests,09:56:57
1979-01-17,leon,04:25:20
1984-01-19,coaching,10:57:08
1987-06-06,posters,12:53:53
1989-11-22,tremendous,16:58:36
1996-09-21,fares,20:22:34
1973-03-30,recommended,06:08:53
2013-02-11,booking,23:43:24
2014-08-11,casio,00:46:15
2021-11-05,cameron,16:24:07
2007-07-11,spank,09:52:40
2018-01-07,keno,01:56:08
1989-01-05,institutions,03:59:20
2022-11-23,apartment,22:47:14
1998-01-23,drums,01:10:05
1973-02-16,drives,07:09:53
2010-11-23,folk,23:16:07
2015-03-23,deutschland,15:14:52
2013-05-28,huntington,21:16:17
2014-07-03,commercial,07:54:30
1972-02-03,controversial,10:53:02
1986-06-06,miscellaneous,18:06:27
2001-12-21,firmware,08:49:02
2019-11-15,claimed,07:09:40
2013-06-10,minimize,19:11:39
1991-12-20,pac,15:42:46
2007-12-27,christopher,09:48:22
2000-04-15,antiques,11:35:44
1978-08-22,quantities,00:40:02
2009-01-29,reductions,14:57:38
2011-12-18,sensors,23:42:18
2005-11-02,consultancy,00:13:43
2017-06-24,whenever,01:55:04
1983-05-25,exceptions,15:01:17
2021-01-03,messages,07:53:40
2018-09-07,pda,01:51:27
2015-05-24,bar,01:53:29
1994-01-23,refer,14:18:17
1982-01-15,nasa,12:13:35
1989-01-07,installed,04:57:55
2021-12-01,empire,01:45:23
1973-05-11,teach,18:25:47
1970-12-16,friend,02:10:29
1994-06-04,packages,15:23:11
1977-06-09,portfolio,19:47:13
1993-12-29,limited,04:50:39
2022-07-22,jason,01:07:04
1973-09-14,oregon,21:41:11
1988-02-14,coastal,12:57:37
2003-08-05,twins,10:25:21
2018-03-29,analog,13:46:09
1980-04-02,excuse,05:11:34
2011-05-03,immediate,19:19:44
1983-05-16,approaches,10:07:25
1988-01-29,slave,13:33:07
1995-06-10,inclusion,07:56:17
2020-11-03,argued,05:04:41
2019-03-09,sam,11:57:16
1998-07-03,studios,03:10:58
2022-08-18,faith,07:59:57
1990-07-01,nevada,13:07:34
1971-10-31,conventional,17:19:50
1988-08-09,souls,17:17:11
2015-05-04,word,12:29:38
2001-07-13,learn,17:01:53
2021-05-27,harbour,02:15:00
1977-02-14,bow,12:03:22
2021-01-18,knitting,07:53:55
1992-11-04,west,13:20:19
1976-05-07,rough,17:15:29
2001-03-02,stations,11:52:42
1988-05-26,always,16:45:48
1978-04-12,frederick,19:15:27
2011-03-05,stars,05:12:37
1995-02-12,authorities,13:08:42
1998-12-06,chem,17:54:48
1971-10-07,tom,00:08:36
2020-07-26,hood,23:10:39
2018-01-03,performances,18:37:57
1995-09-01,auburn,13:00:15
1999-05-05,moment,03:18:12
1970-10-20,joe,16:22:04
1972-09-29,missing,01:34:39
2017-01-21,rap,16:52:51
1986-09-16,objectives,01:03:35
2006-07-19,rocks,00:39:38
1985-10-22,licenses,08:40:02
2012-08-25,circumstances,23:23:55
2000-11-25,score,13:22:00
1978-10-30,personalized,06:55:23
1997-05-06,monitors,15:27:43
2013-03-16,corpus,10:51:51
2008-12-16,nights,21:53:52
1984-06-17,stock,13:38:00
2013-12-21,suggests,03:55:28
1982-11-24,performer,04:41:00
1990-01-16,input,18:12:28
1984-09-08,responses,01:54:20
1983-10-08,territories,00:50:16
2015-07-29,watt,00:45:09
2006-10-31,it,11:34:35
1987-04-02,followed,11:41:41
1987-06-22,depends,08:06:03
2015-06-05,realized,11:27:48
1994-09-23,atmospheric,08:18:35
2009-09-14,fired,12:46:03
1972-11-17,junk,04:49:24
1980-01-19,debate,08:10:14
1975-05-26,announce,04:49:31
1997-11-01,sealed,00:26:56
1982-04-30,sorted,17:53:44
1994-05-25,edited,14:21:23
1976-10-06,terrain,01:59:02
2016-08-19,bizarre,23:42:45
2008-09-21,curious,05:57:13
2015-01-17,falls,06:45:51
1971-02-26,inclusive,16:42:00
1973-10-15,x,01:35:45
1980-01-12,swiss,21:47:35
1997-02-07,x,20:12:39
2022-06-11,translations,20:35:29
1970-04-19,create,17:39:56
2005-03-20,exercises,07:56:19
1976-06-06,greetings,15:18:50
2016-01-21,sapphire,02:42:16
2004-09-03,valve,23:30:45
1989-12-30,avon,00:50:04
1992-12-28,titled,15:00:42
1970-09-29,situated,02:08:36
1971-09-07,mobility,18:57:46
2008-06-22,publicly,00:52:52
1993-01-23,wilderness,15:53:00
2003-09-24,vip,18:29:15
2015-10-16,dan,04:15:31
2018-02-24,downloadable,09:55:22
1985-12-01,ones,08:37:19
2003-07-06,animation,00:08:29
1972-01-22,highland,08:57:06
1974-10-22,pontiac,13:50:04
1987-10-19,shock,03:45:38
1976-04-01,guns,05:45:58
2004-02-01,arc,15:06:52
1994-12-11,fixtures,21:36:58
1991-09-25,definition,07:09:40
1976-06-23,jumping,09:05:49
2001-12-22,uri,00:03:32
1990-06-17,micro,06:33:56
1990-09-01,accessible,13:52:49
2005-07-06,united,06:47:36
1992-06-29,troy,20:20:54
2020-05-19,media,09:55:17
2018-03-24,just,12:50:14
2006-06-29,hollywood,15:49:27
1986-12-11,fifteen,02:24:22
1977-06-12,total,09:50:20
1988-12-07,discs,12:13:47
1997-02-27,dirty,16:43:08
1986-01-26,cologne,07:33:13
1990-12-31,hour,00:12:33
2011-11-08,spoke,17:14:49
1988-08-02,quarter,08:54:22
2022-04-08,chronicle,07:55:41
1996-12-29,ciao,08:45:20
1984-02-09,assurance,02:24:36
2007-01-22,illegal,22:42:49
1992-02-28,jewel,14:31:23
1970-12-02,safety,10:27:41
2001-07-13,pharmaceutical,19:52:36
2003-08-13,persian,23:33:57
2016-09-01,hang,01:56:22
2009-11-18,measured,21:56:56
1976-02-18,craft,07:07:51
2001-09-17,bonus,02:36:11
1995-05-02,holding,18:00:25
2015-07-30,thus,18:43:45
2020-10-23,smallest,11:03:41
1972-04-10,favourite,07:01:40
1982-11-28,bras,04:35:27
1986-11-14,mazda,04:51:08
2002-03-13,allen,16:57:38
1977-02-22,bare,20:05:21
1975-04-27,sandy,10:33:49
2005-09-17,players,23:47:40
1981-12-28,ten,13:43:01
2018-03-09,bones,10:42:02
2018-10-13,sending,07:54:11
1990-06-04,cart,01:39:35
1970-09-19,sie,14:46:41
1973-04-15,identifier,21:54:56
2001-09-14,generic,09:42:38
2012-03-10,bold,10:30:41
1973-04-18,grande,21:00:03
1972-12-23,forecast,16:31:02
1998-10-14,carefully,11:46:09
2015-05-24,college,05:16:44
2016-12-01,internet,07:18:27
2004-12-18,benchmark,04:03:34
1990-05-31,affects,12:07:15
2001-04-21,dictionaries,10:25:35
1994-09-25,selling,06:33:11
1997-02-12,prague,00:07:49
2014-09-07,hearts,00:25:27
2022-08-06,shelf,03:32:09
2007-08-10,vacations,23:19:30
1994-04-24,visited,09:00:45
1988-03-05,treatments,08:28:42
1999-05-03,brave,08:33:52
2017-08-19,gzip,00:12:36
2010-08-31,tropical,02:54:47
1985-09-06,med,14:11:03
1995-06-03,called,20:23:08
1990-10-11,worthy,22:30:45
2006-08-11,underlying,13:46:39
2003-06-13,witness,01:08:43
1976-07-23,minute,01:16:06
2011-03-19,bizrate,09:16:40
2002-02-10,borders,06:04:25
1991-10-06,settle,22:35:47
2002-02-12,blame,03:45:47
1997-09-03,swing,14:54:44
1974-09-22,downloads,12:22:51
2012-08-12,thy,22:25:29
1979-05-13,occur,01:47:19
1974-01-29,lithuania,07:04:47
1991-12-22,implied,10:15:28
1992-07-26,onion,11:22:57
2020-09-05,bit,15:42:09
1977-11-02,vincent,12:05:53
1983-03-06,cathedral,02:25:39
2013-07-22,liver,13:59:32
2014-10-16,pn,00:49:32
1980-02-04,atom,21:48:34
2018-08-25,reward,16:51:45
1989-09-20,avenue,22:55:22
1977-10-29,regulated,16:06:44
1995-12-13,gmt,14:57:22
1979-03-11,norton,08:38:09
1991-09-30,chancellor,09:47:01
2008-11-22,networks,21:29:22
1987-11-07,sys,11:22:20
2023-02-23,lat,02:07:25
2008-06-14,gel,04:13:46
2007-07-24,hate,17:02:29
2003-10-22,tonight,21:35:36
2014-10-08,seem,21:41:27
2005-07-12,flux,11:13:43
1973-10-20,vt,00:25:11
1996-02-23,bi,04:54:25
1994-01-30,keep,02:02:59
2008-11-01,widespread,02:53:37
1981-07-24,forgot,20:14:36
1979-04-17,disease,03:08:36
1990-04-18,keyboard,21:10:05
1977-10-15,arrow,10:17:11
2009-12-30,equation,14:15:31
2021-11-06,beliefs,16:37:39
2001-04-10,authorization,19:53:13
1997-07-04,predicted,21:57:44
2010-09-19,troy,06:23:55
2013-12-23,consulting,17:48:33
2018-10-18,dd,06:56:20
1975-08-20,highest,11:22:53
1985-09-19,nottingham,02:26:32
1974-10-23,patent,06:24:49
1984-08-28,sticky,02:52:33
1982-03-21,leon,18:02:24
1978-12-27,framework,07:42:29
1979-03-11,planner,03:53:12
1984-04-10,numerical,11:46:36
2000-04-25,specifics,16:19:01
1988-03-28,informational,21:28:15
1972-01-10,supposed,17:15:31
1998-06-16,owns,22:14:40
1990-04-25,performs,12:08:53
1985-09-23,profiles,22:12:03
2019-12-01,mines,22:20:54
1986-06-08,sm,02:31:18
2007-11-15,code,02:14:30
1975-11-07,guyana,15:56:15
2015-07-06,sleeps,16:55:22
1993-10-25,learning,13:32:01
1991-09-05,bible,15:33:15
2004-11-30,marion,06:24:26
1972-03-19,gods,02:21:22
1995-10-23,diagnosis,18:31:58
1987-01-09,activists,23:16:39
1993-09-03,mother,05:51:01
2012-05-26,slovak,10:29:24
1978-03-08,letter,02:14:36
2022-06-12,sociology,16:35:49
2008-02-05,metric,03:14:06
2013-10-30,undo,03:45:51
1977-11-28,giving,09:17:44
1993-01-17,killer,12:27:08
2014-01-23,worthy,07:22:54
1974-06-06,spyware,19:49:30
2006-06-04,massage,03:20:44
2015-03-24,photo,09:12:18
2002-10-01,firmware,17:07:15
2011-07-17,motorola,13:29:28
1994-05-06,travels,18:17:03
1971-01-15,adsl,09:59:26
2011-12-13,inform,08:34:19
1986-10-08,queries,13:14:51
1990-06-21,obvious,05:34:25
1981-06-04,xhtml,19:50:55
1999-07-06,aquarium,04:44:41
2016-06-22,jelsoft,09:37:35
2020-11-11,jamie,18:42:57
2006-03-06,offered,07:40:04
1979-09-17,fwd,19:56:29
2014-09-28,sie,23:04:19
1970-03-29,leg,18:58:21
1983-09-09,corp,04:36:04
2004-02-11,asp,09:11:44
1993-10-07,citation,07:08:21
2009-05-08,dodge,21:38:53
1991-10-09,clean,19:16:45
2007-05-01,tub,12:29:25
1970-04-05,nurse,11:24:32
1980-05-23,jumping,07:18:08
1994-06-01,computed,04:11:37
1978-05-26,denial,17:21:04
1988-09-11,regular,11:43:27
2020-12-06,purchases,07:12:19
1981-10-17,context,20:24:55
1995-07-11,thailand,07:16:36
2004-02-07,wife,07:22:26
2011-12-03,restriction,12:41:37
1996-05-20,ultimate,07:20:13
1997-03-11,jeep,00:37:27
1997-11-30,stage,17:50:20
1978-02-11,holy,14:24:30
1982-08-09,biggest,21:30:26
1977-01-02,picnic,14:52:26
1972-12-21,problems,16:47:12
2011-06-15,e,20:01:59
1976-03-18,abs,19:18:01
1993-05-21,raymond,17:28:21
2002-07-11,involving,16:47:31
1986-09-24,bandwidth,14:42:41
2015-04-04,players,20:01:47
1982-11-11,attitudes,19:28:43
2011-11-08,roof,07:25:35
1998-11-30,difficulty,02:06:58
2019-12-07,advisor,00:33:29
1970-07-31,statement,09:12:47
2009-02-09,age,03:57:58
1995-03-21,begin,19:22:00
1972-04-27,athens,12:01:16
1998-11-17,gif,12:01:37
2002-01-27,review,14:01:36
1991-02-10,populations,10:19:46
2011-07-01,adds,23:52:07
1997-11-06,visual,18:45:48
2018-01-18,championships,00:52:08
1982-10-10,austria,13:31:13
2003-02-14,gmbh,18:11:30
2011-08-31,charts,22:10:10
2002-06-03,pharmacy,03:42:58
1970-05-16,camps,17:17:02
1972-05-01,scanners,10:15:28
1988-07-10,ch,21:27:49
1971-01-17,absent,05:13:05
1998-12-26,cooked,17:32:50
1989-12-08,marijuana,11:47:20
2009-07-18,rangers,03:48:44
2017-12-10,nottingham,01:03:56
1999-02-26,monaco,16:51:18
2013-05-12,mh,01:25:49
2005-07-02,freedom,16:05:20
2002-10-18,until,17:02:46
1981-12-06,genealogy,06:04:04
2009-05-02,extended,18:55:17
1970-09-22,sailing,12:47:28
1996-04-30,we,12:03:03
2000-04-02,merit,09:44:28
1987-12-17,bedroom,08:17:57
1981-06-20,necklace,10:57:41
1989-10-30,assumed,18:25:42
1987-11-28,peace,19:24:22
2016-08-27,tourism,06:43:12
1973-02-02,locked,02:00:29
1996-05-07,dual,17:43:25
2001-03-28,adams,09:44:40
1989-03-15,isolation,02:39:23
2013-06-30,contrary,22:45:16
1981-11-20,vegas,19:39:40
2013-08-05,ebony,17:35:42
1983-12-29,emphasis,11:25:52
1993-01-16,minority,12:51:59
1971-01-29,om,21:05:24
1978-12-02,enemy,13:15:14
2000-03-18,sensitive,07:28:34
1974-06-13,realty,21:26:42
1987-12-04,scored,15:23:36
1983-08-09,important,17:20:20
1991-07-28,clerk,14:23:58
1999-03-23,accomplished,07:17:35
1974-12-10,performed,02:52:09
1977-12-12,friendly,15:07:48
1984-06-03,authorities,05:56:33
1994-12-31,anytime,16:08:55
1978-06-09,last,16:44:02
2009-02-27,priority,10:59:20
2002-09-29,girl,18:56:06
1990-12-21,representing,10:37:22
2015-02-15,hobbies,19:08:50
1979-09-22,translations,15:55:38
1998-01-18,releases,03:27:21
1989-05-02,inline,14:08:21
2005-07-26,spoke,14:15:52
2000-05-02,married,03:50:32
1996-02-05,role,22:29:29
1975-11-19,cosmetic,15:19:31
2020-10-09,uk,09:11:53
2013-11-10,population,12:20:32
1982-12-08,stored,04:30:22
1997-10-27,him,22:27:45
2003-07-30,testing,11:08:37
1998-08-28,preferences,15:37:57
1976-08-01,shared,14:01:31
1996-01-20,arlington,11:26:38
1995-04-12,knight,01:55:41
2010-08-15,architecture,00:35:59
1983-02-21,obviously,15:34:01
1971-10-16,spirituality,11:43:56
1973-04-05,presentations,21:13:05
2002-12-23,scores,11:49:35
2013-07-25,maybe,21:44:05
1995-11-10,void,20:07:38
1979-09-28,cheat,18:02:23
1996-06-30,handy,10:31:01
2001-03-14,deviant,00:23:15
1990-09-09,acute,01:09:24
1991-11-28,fan,18:23:15
1974-06-29,victorian,14:27:33
2005-07-09,fleece,04:01:15
2007-06-04,overhead,19:53:42
1995-03-07,tied,12:51:37
1971-03-30,add,18:52:29
1995-01-28,characters,18:43:40
2009-03-05,gotten,18:09:00
2003-04-06,moon,21:00:18
1973-03-12,zimbabwe,12:55:00
1998-07-20,batch,00:25:22
2000-02-06,restrict,02:30:28
2008-01-08,modification,16:15:35
2022-08-20,shortcuts,16:33:07
2020-02-01,belt,14:09:21
1992-07-04,marco,14:13:29
2017-05-07,farm,20:07:57
1991-08-17,together,22:09:13
1987-05-12,exclusion,07:52:26
1982-12-25,rabbit,12:13:39
2020-08-20,stripes,13:08:44
2018-12-03,integer,07:16:29
2002-06-28,cl,23:46:42
1986-02-21,zip,11:08:25
2021-04-06,pirates,23:22:45
1992-12-03,lucky,15:06:47
2017-03-06,custom,12:45:44
1998-04-24,encountered,20:17:28
1993-11-23,hay,22:43:14
1992-11-13,cant,00:01:01
1980-09-01,distinguished,22:26:37
1987-12-02,enquiry,19:22:57
2000-06-16,exemption,13:33:06
1987-07-20,harder,23:00:47
1972-06-16,entities,14:42:19
2007-07-26,securely,00:52:28
1991-09-28,guys,09:26:27
1993-06-14,modular,16:17:03
1989-08-21,balance,18:19:21
1971-06-08,fs,01:28:33
2021-08-11,supplemental,00:17:42
2011-10-30,sunrise,15:21:26
2013-11-09,tucson,12:57:29
2001-12-29,moves,08:39:07
1983-11-21,relationships,18:52:36
1986-09-03,encouraged,05:22:54
2014-05-19,boys,04:24:11
2009-08-06,preventing,21:21:52
2011-09-08,pills,20:54:37
2005-09-29,prices,07:08:05
2010-10-10,prisoner,23:14:49
1981-01-19,without,21:38:38
1991-10-07,numerous,18:05:23
2011-08-14,moreover,17:02:00
1971-11-19,antigua,21:32:10
1990-12-04,antigua,15:38:25
1983-08-11,fit,22:42:32
2012-08-25,illinois,23:27:27
2005-08-09,selecting,18:09:30
2010-06-28,poem,22:35:11
2005-02-19,jeffrey,23:26:36
2017-06-23,cloud,18:25:02
2010-10-17,contract,15:05:01
2008-01-15,fy,02:41:59
2021-10-15,lake,19:37:02
2022-03-08,speed,18:12:14
1985-07-09,indices,08:05:14
2021-01-09,limit,08:38:21
1980-10-31,weak,22:15:58
1992-12-30,gilbert,03:01:15
2023-01-02,liberal,19:04:06
1975-01-17,virtually,14:14:49
1986-06-27,engines,04:43:15
2014-11-13,ross,18:26:39
1980-02-15,news,13:05:27
1990-08-24,user,14:22:04
2009-08-03,underlying,01:18:47
1988-09-01,miller,05:07:22
1970-08-24,determining,02:01:07
2003-01-15,computing,10:14:32
1972-07-31,reported,15:37:58
2007-05-02,arnold,12:14:13
1990-06-10,kissing,19:19:08
1972-03-27,sara,12:39:24
1999-04-26,sentences,20:15:45
2020-04-16,specialist,15:45:24
1998-07-03,baltimore,02:02:47
2021-09-26,cradle,14:54:03
1997-07-02,elected,05:38:00
1999-12-30,introduction,07:14:31
1979-12-23,phrase,00:32:16
2006-03-21,ericsson,09:51:09
1987-03-18,created,00:14:58
2019-09-03,smart,03:55:35
1983-02-07,next,09:39:19
1978-07-17,subject,10:49:14
2021-11-09,geography,04:01:51
1995-10-06,facilities,15:26:07
2013-08-15,morrison,11:29:51
2017-02-20,tracker,17:41:20
1998-04-06,produce,02:13:08
1988-07-04,turned,12:02:45
2009-04-03,bio,04:34:00
2008-03-30,hon,08:51:24
2017-07-07,stainless,10:55:24
1978-05-16,launched,09:45:22
2005-09-09,bizrate,16:41:39
2016-04-11,andy,20:42:03
1981-08-11,subsequent,21:05:27
2019-10-23,surveys,15:57:37
1980-01-29,stuck,14:32:54
1980-11-17,mali,13:54:52
2016-02-14,wellington,22:50:29
2007-05-20,renewal,20:27:39
1979-01-10,poetry,16:52:06
1996-06-30,discrimination,20:07:40
2011-11-19,colleague,08:07:50
1978-05-24,laws,04:48:59
2000-03-25,transfer,16:13:07
1989-02-07,collaborative,08:59:37
2021-08-11,strengthen,15:11:07
2019-02-23,revolutionary,21:21:44
2006-04-25,initiatives,16:21:27
2022-04-02,ann,11:45:06
2020-07-05,consultancy,23:59:59
1970-02-25,detailed,03:00:43
1973-02-13,merry,10:54:08
2016-11-24,wholesale,12:13:45
2019-03-01,ben,12:46:35
1999-03-21,physicians,09:52:50
1982-02-26,form,04:04:08
2006-02-12,pl,09:16:18
2005-11-14,crucial,21:17:18
1995-07-23,sudan,00:58:02
2017-11-13,ghz,02:03:13
1978-10-20,mileage,09:53:22
2008-07-01,lover,11:48:32
1986-12-03,despite,19:49:46
1974-06-11,clinic,22:46:19
2010-06-13,shapes,22:00:34
1973-02-23,chronic,23:05:27
2021-04-29,somewhat,21:00:47
1998-01-08,comparable,02:20:45
1985-03-28,wanting,04:05:14
2022-05-13,polymer,18:54:02
2015-05-22,increasingly,21:00:38
2001-06-30,vc,11:26:24
1985-03-13,magnificent,19:39:19
1976-12-02,brothers,00:20:58
2017-07-18,attorney,10:45:42
1984-07-20,beside,21:36:54
2015-09-15,exit,03:41:00
1981-06-27,utah,20:42:19
2004-06-03,where,22:16:06
1998-08-22,accordingly,13:48:20
2000-05-24,modern,05:30:57
1987-04-30,turning,16:20:20
1994-08-23,core,19:33:55
1974-09-12,christians,17:31:07
2005-10-27,passport,13:03:33
1999-11-07,earrings,02:03:21
1982-12-25,dpi,16:35:58
1990-11-15,cleaning,12:28:38
2021-03-13,luggage,19:04:38
1988-02-11,mac,06:36:02
1982-06-27,workout,10:57:05
2011-12-03,temple,20:51:58
2009-08-23,messages,17:20:20
1989-01-13,decade,19:00:14
2009-05-30,speaker,23:48:00
1987-07-11,bluetooth,03:19:37
2002-06-16,designer,02:10:42
2001-12-26,tension,03:00:52
1975-02-24,birmingham,08:59:35
1972-10-15,predicted,01:44:42
2008-10-14,larry,23:09:06
2018-10-29,omega,02:34:59
2015-08-07,dans,09:47:24
2020-09-05,weights,21:40:32
1996-05-25,demographic,06:08:41
2023-03-11,zoloft,03:24:14
2007-10-04,gloves,00:01:24
2009-07-25,surprise,05:24:07
1977-03-26,oldest,12:09:12
2008-03-24,dominant,01:00:02
1986-07-01,bible,11:57:45
1970-05-07,enforcement,01:42:17
1999-08-12,publication,20:53:24
2009-10-26,ghz,21:30:24
2013-07-15,partner,23:30:50
2007-01-24,supplier,07:27:17
1992-12-24,fitted,02:47:26
2004-11-01,annually,11:52:23
2008-02-28,ratings,19:22:14
1970-11-24,pocket,04:36:45
2018-08-23,mount,12:26:31
2017-09-29,outline,12:20:24
1983-03-28,mysimon,18:01:08
2011-06-20,sas,13:58:38
1973-06-25,concerts,11:21:37
2007-11-07,garcia,08:26:39
2004-11-22,mess,01:39:44
2010-10-08,todd,13:16:36
2018-02-27,story,07:59:37
2003-07-06,cancelled,20:58:13
2017-10-29,destinations,22:10:08
1991-08-12,lakes,22:23:46
2021-10-20,established,12:57:38
2009-01-19,offensive,06:58:04
1987-03-15,buzz,03:15:27
2015-01-13,ep,03:43:02
1979-10-10,nevada,13:11:04
2000-04-16,emphasis,17:50:06
2009-10-09,structure,12:48:43
1970-07-14,lesson,20:32:50
2017-06-28,doctor,19:12:27
1976-06-25,smile,17:41:07
2006-06-26,warranty,17:55:51
1980-04-23,af,23:02:17
2000-11-07,jeff,04:49:52
1979-05-22,substitute,06:49:44
2013-08-31,publicity,10:35:49
2009-12-07,computer,11:04:13
2004-06-03,sentence,09:31:38
1997-04-19,march,13:07:09
1975-12-26,dedicated,03:34:28
2010-11-02,satisfaction,22:03:56
2010-06-05,tolerance,18:46:58
1998-09-01,diploma,17:33:55
1993-07-06,unit,18:15:03
1992-04-17,height,14:22:22
2010-05-06,wb,18:33:20
2017-02-20,joining,03:31:20
1970-02-04,payroll,16:34:33
1991-11-07,lace,23:15:05
2005-08-25,nearly,02:59:55
1989-03-08,beta,15:13:27
2018-11-13,reform,10:10:28
1988-05-21,ham,16:46:42
1987-11-24,workplace,10:03:35
1988-01-20,marsh,20:33:57
1982-08-29,behavior,17:27:21
1995-01-04,registry,08:56:59
1998-06-08,panasonic,14:06:01
1988-12-03,assume,14:43:00
2002-07-06,nirvana,12:26:06
1996-01-25,necklace,05:37:42
1971-10-02,metals,09:00:28
2011-04-24,sys,19:44:13
1998-08-19,grenada,14:48:27
1987-04-26,motivated,22:48:17
2000-09-22,firefox,08:34:13
2018-02-25,showing,18:45:25
1980-03-14,officers,18:29:44
2001-03-21,pushed,11:02:22
1988-01-21,log,18:50:06
2014-06-19,receptors,01:33:32
1996-09-29,dressing,23:14:19
2003-06-23,marion,00:13:15
1985-07-18,moves,08:50:43
2019-12-14,consumers,21:54:44
1983-06-07,peripherals,04:03:39
1987-06-30,eye,22:29:28
2000-11-03,courtesy,04:20:09
2020-01-09,t,17:09:09
2016-06-26,cult,16:10:20
1974-08-13,denmark,23:15:14
1993-11-19,sale,22:02:51
1970-07-14,arthur,01:04:15
2022-06-26,tournaments,11:53:42
1989-11-14,blades,11:08:29
2005-03-10,software,14:26:22
2003-06-04,nathan,20:28:19
2013-01-28,hawaiian,17:03:40
2008-03-16,flesh,12:41:54
2014-05-09,walker,15:20:55
1974-05-12,intro,01:32:49
1985-12-22,throw,04:25:31
2005-05-26,directory,19:01:46
2018-11-01,wrap,03:36:07
2020-03-05,happy,23:46:17
1993-11-15,jobs,03:16:20
1975-02-24,failing,20:06:45
2021-08-22,anymore,14:52:09
2010-06-20,c,15:55:53
1973-03-19,nv,07:35:24
2012-04-24,dutch,07:21:43
2022-12-21,guards,14:36:39
2014-04-19,gallery,01:09:14
2021-10-06,scsi,22:05:26
2020-10-28,jeffrey,03:21:45